Date,Open,High,Low,Close,Volume,Value,MktVWAP,Transactions,Adj. Factor
"28-Feb-2025","305700","314659","305700","307437","384k","1.19b","308.58763k","5,114","1",
"27-Feb-2025","316009","318545","311503","311503","243k","761.83m","313.82252k","5,566","1",
"26-Feb-2025","308826","319358","308826","317942","234k","743.31m","317.52237k","3,576","1",
"25-Feb-2025","310434","314888","308801","312581","144k","450.37m","312.07022k","3,472","1",
"24-Feb-2025","305456","312562","305456","308990","200k","618.24m","309.03289k","5,890","1",
"21-Feb-2025","309620","314000","306105","310550","274k","853.12m","310.90982k","5,359","1",
"20-Feb-2025","312500","312506","303914","310500","213k","658.85m","309.57347k","4,148","1",
"19-Feb-2025","313530","319817","311696","312406","366k","1.15b","315.21369k","8,520","1",
"18-Feb-2025","305502","313289","305502","313120","220k","687.03m","312.01723k","4,676","1",
"17-Feb-2025","310000","312025","305043","308964","262k","805.04m","308.06153k","3,596","1",
"14-Feb-2025","313500","314296","306336","307658","239k","734.39m","307.8858k","6,716","1",
"13-Feb-2025","315500","317842","309593","311100","393k","1.22b","311.83345k","10,476","1",
"12-Feb-2025","315000","318613","311777","315479","556k","1.75b","315.49201k","10,142","1",
"11-Feb-2025","315703","316168","312082","313774","277k","867.88m","313.64968k","7,685","1",
"10-Feb-2025","323555","323627","315227","316000","274k","867.61m","317.10345k","5,220","1",
"07-Feb-2025","318499","323608","316137","322500","354k","1.14b","322.1334k","5,326","1",
"06-Feb-2025","311187","319513","310500","317100","347k","1.1b","316.85108k","8,388","1",
"05-Feb-2025","305001","313607","305001","309829","334k","1.04b","310.79899k","8,133","1",
"04-Feb-2025","298871","308028","298063","306978","475k","1.45b","305.72774k","11,904","1",
"03-Feb-2025","297261","298510","291704","297392","231k","683.26m","295.72899k","6,194","1",
"31-Jan-2025","295000","304096","290669","297262","443k","1.32b","297.02556k","8,313","1",
"30-Jan-2025","296958","296958","293102","294617","221k","650.44m","294.70989k","4,044","1",
"29-Jan-2025","290301","298150","290301","296062","292k","864.25m","295.88763k","6,154","1",
"28-Jan-2025","287515","292671","285758","291697","312k","906.3m","290.43819k","7,235","1",
"27-Jan-2025","290100","294622","287511","290950","263k","765.23m","291.05024k","6,601","1",
"24-Jan-2025","293086","295454","290073","292100","350k","1.02b","291.6748k","6,462","1",
"23-Jan-2025","297111","298086","290626","292100","309k","903.92m","292.40873k","7,574","1",
"22-Jan-2025","298500","300240","296648","297801","229k","681.49m","298.20536k","5,467","1",
"21-Jan-2025","300024","301788","296666","297901","316k","944.18m","298.53047k","5,379","1",
"20-Jan-2025","303636","305754","299316","301297","242k","730.15m","301.77256k","5,832","1",
"17-Jan-2025","303179","307094","302118","302184","246k","745.82m","303.50956k","4,997","1",
"16-Jan-2025","302501","307655","299457","303179","261k","787.38m","302.08133k","6,381","1",
"15-Jan-2025","297499","303169","295021","303169","356k","1.07b","300.40976k","8,871","1",
"14-Jan-2025","305524","305524","295260","296736","342k","1.02b","297.69289k","7,802","1",
"13-Jan-2025","305000","306612","296980","299501","389k","1.17b","299.65406k","9,090","1",
"10-Jan-2025","307500","311743","304133","306801","169k","521.69m","307.85332k","3,997","1",
"09-Jan-2025","314882","314882","307593","309450","186k","576.76m","309.51268k","5,124","1",
"08-Jan-2025","321999","321999","310440","311235","214k","667.55m","312.259k","6,371","1",
"07-Jan-2025","314700","320705","314700","318030","155k","493.44m","318.45754k","4,648","1",
"06-Jan-2025","313849","318166","313028","314700","147k","463.2m","315.23032k","4,102","1",
"03-Jan-2025","309803","315225","309002","313655","173k","542.71m","313.30174k","4,962","1",
"02-Jan-2025","311192","317482","309616","311600","145k","453.9m","312.62984k","4,213","1",
"01-Jan-2025","0","0","0","313434","0","0","0","0","1",
"31-Dec-2024","312990","315033","310097","313434","69k","215.81m","312.98319k","1,244","1",
"30-Dec-2024","315127","315826","311184","312991","152k","475.86m","313.26367k","4,837","1",
"27-Dec-2024","316698","316704","311067","316611","121k","382.19m","314.82299k","4,368","1",
"26-Dec-2024","0","0","0","316700","0","0","0","0","1",
"25-Dec-2024","0","0","0","316700","0","0","0","0","1",
"24-Dec-2024","316380","322000","314181","316700","42k","133.96m","316.65738k","858","1",
"23-Dec-2024","317940","323529","314500","317712","162k","514.75m","317.23046k","4,682","1",
"20-Dec-2024","317550","325560","314751","317639","863k","2.74b","317.70534k","6,410","1",
"19-Dec-2024","324162","329620","315595","318573","910k","2.89b","316.92462k","8,267","1",
"18-Dec-2024","326239","328305","323165","325552","406k","1.32b","326.14445k","8,654","1",
"17-Dec-2024","334549","336491","325865","326210","340k","1.12b","328.28866k","9,651","1",
"16-Dec-2024","0","0","0","332891","0","0","0","0","1",
"13-Dec-2024","327550","335068","326709","332891","213k","708.78m","332.08838k","6,871","1",
"12-Dec-2024","330101","332832","327910","329667","162k","533.68m","330.04942k","5,068","1",
"11-Dec-2024","330255","333967","325613","330678","206k","678.94m","329.50271k","7,872","1",
"10-Dec-2024","331663","334416","328645","331547","149k","494.29m","331.11992k","5,528","1",
"09-Dec-2024","327484","338294","327149","331663","154k","508.03m","330.93135k","4,262","1",
"06-Dec-2024","329899","335325","327120","331682","151k","501.32m","331.90275k","4,838","1",
"05-Dec-2024","323001","339000","323001","328855","201k","663.61m","329.47682k","5,655","1",
"04-Dec-2024","322200","329876","322200","325311","287k","937.3m","326.23789k","7,616","1",
"03-Dec-2024","324000","326000","320134","322677","403k","1.3b","323.45516k","10,331","1",
"02-Dec-2024","325115","327593","322510","325120","131k","426.63m","325.39774k","4,976","1",
"29-Nov-2024","326781","328283","323437","326118","288k","938.54m","326.20071k","4,370","1",
"28-Nov-2024","330999","331724","326368","326781","242k","794.16m","327.7828k","4,876","1",
"27-Nov-2024","333327","339000","328245","329634","217k","718.49m","331.07601k","5,111","1",
"26-Nov-2024","328686","338170","328686","335973","102k","343.96m","335.94757k","3,756","1",
"25-Nov-2024","338507","338507","331953","332722","328k","1.09b","333.43397k","5,998","1",
"22-Nov-2024","335111","340960","334338","336182","147k","496.41m","337.12142k","5,122","1",
"21-Nov-2024","336500","338876","330546","337700","216k","726.89m","336.32938k","5,236","1",
"20-Nov-2024","327715","334938","323365","334000","202k","672.36m","333.15374k","6,871","1",
"19-Nov-2024","325600","329421","323368","328710","164k","536.97m","327.62737k","4,604","1",
"18-Nov-2024","328000","328000","321054","324842","208k","674.11m","324.56282k","4,515","1",
"15-Nov-2024","325200","328071","321922","324978","234k","758.31m","324.37721k","6,405","1",
"14-Nov-2024","329627","335539","326612","327500","167k","552.23m","330.3014k","5,329","1",
"13-Nov-2024","332675","332675","323088","327977","233k","761.39m","326.81885k","5,966","1",
"12-Nov-2024","324871","329147","323904","329147","268k","879.28m","327.83268k","6,383","1",
"11-Nov-2024","330280","332181","326100","327702","108k","353.85m","328.2592k","4,076","1",
"08-Nov-2024","326001","332759","326001","329537","100k","331.13m","329.73583k","3,223","1",
"07-Nov-2024","331500","333874","329200","330995","200k","662.53m","331.2194k","4,539","1",
"06-Nov-2024","330091","331986","324368","327422","267k","875.08m","327.15178k","7,202","1",
"05-Nov-2024","322232","330846","322232","330800","341k","1.12b","329.17454k","7,823","1",
"04-Nov-2024","323650","326960","321557","325000","306k","995.3m","325.24681k","7,616","1",
"01-Nov-2024","317801","324564","315545","323650","285k","917.72m","321.75939k","6,799","1",
"31-Oct-2024","318300","321000","312563","317077","439k","1.39b","317.64029k","7,701","1",
"30-Oct-2024","309730","317081","309412","316234","462k","1.46b","315.54466k","6,817","1",
"29-Oct-2024","323799","323799","308506","313312","363k","1.14b","313.15005k","9,848","1",
"28-Oct-2024","320000","320373","316869","318154","304k","967.94m","318.55524k","7,465","1",
"25-Oct-2024","321550","323887","317122","317122","244k","778.82m","318.6049k","6,881","1",
"24-Oct-2024","315211","322571","315211","322149","186k","597.02m","321.37451k","4,937","1",
"23-Oct-2024","320032","323239","316614","318870","1m","3.94b","319.74658k","5,581","1",
"22-Oct-2024","320600","324297","316427","319271","399k","1.27b","319.42821k","8,796","1",
"21-Oct-2024","323005","328315","321020","323659","186k","602.21m","324.42924k","5,329","1",
"18-Oct-2024","326855","329899","325542","326000","225k","735.83m","326.89188k","7,351","1",
"17-Oct-2024","328979","328979","324201","327410","247k","806.54m","326.94326k","7,829","1",
"16-Oct-2024","325300","328721","322800","326000","305k","994.79m","325.77655k","6,161","1",
"15-Oct-2024","323289","328464","321314","328464","346k","1.13b","326.46666k","7,615","1",
"14-Oct-2024","322499","325035","319729","322061","194k","622.94m","321.91543k","5,585","1",
"11-Oct-2024","314998","322526","311010","321000","425k","1.35b","319.09257k","8,197","1",
"10-Oct-2024","311300","317478","310145","313200","388k","1.22b","314.45768k","7,510","1",
"09-Oct-2024","307152","309399","303362","308700","183k","562.59m","307.1067k","4,586","1",
"08-Oct-2024","307800","311254","300165","307152","351k","1.08b","308.16327k","6,530","1",
"07-Oct-2024","309485","315413","305686","307626","270k","833.3m","308.7532k","7,702","1",
"04-Oct-2024","311045","311342","306138","308058","222k","683.09m","308.04964k","6,919","1",
"03-Oct-2024","310567","319450","306405","309060","301k","934.13m","310.12853k","8,225","1",
"02-Oct-2024","312499","318665","307669","312900","338k","1.06b","314.2134k","8,812","1",
"01-Oct-2024","309250","314993","306030","308466","398k","1.23b","309.77234k","10,567","1",
"30-Sep-2024","310257","310257","303440","304451","356k","1.09b","304.93382k","6,333","1",
"27-Sep-2024","310000","312426","306788","309519","237k","735.08m","309.95672k","7,863","1",
"26-Sep-2024","308120","312217","306685","310076","308k","952.73m","309.85033k","7,540","1",
"25-Sep-2024","298916","314674","298916","306500","349k","1.07b","306.24034k","11,766","1",
"24-Sep-2024","0","0","0","307823","0","0","0","0","1",
"23-Sep-2024","303369","310402","303369","307823","145k","445.63m","308.15478k","4,901","1",
"20-Sep-2024","300495","308400","300432","305146","368k","1.12b","305.37545k","5,741","1",
"19-Sep-2024","299501","304779","298594","301601","618k","1.86b","300.64091k","7,462","1",
"18-Sep-2024","301499","301499","298125","299500","174k","521.81m","299.70593k","6,282","1",
"17-Sep-2024","299000","302000","297784","300600","193k","580.19m","300.30664k","5,582","1",
"16-Sep-2024","298345","300662","296203","298250","127k","378.71m","298.26734k","4,692","1",
"13-Sep-2024","305000","305485","297999","299259","190k","568.67m","299.54015k","5,307","1",
"12-Sep-2024","304000","304618","298949","301500","199k","599.46m","301.17733k","6,143","1",
"11-Sep-2024","302399","302399","296422","300595","289k","868.37m","300.50673k","8,246","1",
"10-Sep-2024","295433","301353","290317","300595","239k","715.03m","299.41594k","6,328","1",
"09-Sep-2024","287450","300845","284050","295425","334k","988.04m","295.51239k","8,301","1",
"06-Sep-2024","290000","292892","286898","287666","314k","906.46m","288.19049k","6,165","1",
"05-Sep-2024","291636","292067","285000","290706","270k","784.51m","290.3972k","5,392","1",
"04-Sep-2024","288900","292082","285105","289647","321k","929.67m","289.70143k","9,221","1",
"03-Sep-2024","294278","296186","289000","289000","210k","611.39m","290.43939k","4,214","1",
"02-Sep-2024","290854","294278","287679","294278","164k","480.09m","293.17773k","3,478","1",
"30-Aug-2024","297772","297772","290481","292594","333k","975.13m","292.67571k","5,074","1",
"29-Aug-2024","294499","296142","290084","294921","143k","420.36m","294.54847k","4,637","1",
"28-Aug-2024","292913","297739","291538","291538","216k","632.47m","293.12472k","5,247","1",
"27-Aug-2024","292000","296723","289145","295850","327k","962.83m","294.91172k","11,540","1",
"26-Aug-2024","288900","294157","286669","292500","174k","507.84m","291.54683k","6,188","1",
"23-Aug-2024","288000","293127","283848","288800","307k","882.89m","288.17044k","8,661","1",
"22-Aug-2024","288384","290800","282451","284900","300k","855.58m","285.11687k","9,741","1",
"21-Aug-2024","290398","290398","286744","289040","181k","521.14m","288.49344k","4,433","1",
"20-Aug-2024","288500","293500","286203","288001","202k","582.19m","288.87352k","7,044","1",
"19-Aug-2024","285720","290735","283797","288000","367k","1.06b","288.0922k","10,000","1",
"16-Aug-2024","282800","288150","282800","283486","426k","1.21b","284.61504k","9,677","1",
"15-Aug-2024","283000","288298","280567","282600","300k","854.16m","284.63562k","7,575","1",
"14-Aug-2024","274000","285787","274000","283380","257k","726.32m","282.76532k","6,758","1",
"13-Aug-2024","273555","277320","272141","277125","308k","847.69m","275.75541k","6,416","1",
"12-Aug-2024","273508","277553","269800","273565","274k","747.18m","272.55009k","8,468","1",
"09-Aug-2024","0","0","0","276700","0","0","0","0","1",
"08-Aug-2024","279500","279500","274832","276700","375k","1.04b","276.6385k","6,886","1",
"07-Aug-2024","280586","281228","272776","280000","262k","732.72m","279.78892k","5,687","1",
"06-Aug-2024","280099","280159","274156","278502","240k","664.46m","276.86439k","7,656","1",
"05-Aug-2024","279184","279381","269001","276397","394k","1.08b","274.45895k","11,471","1",
"02-Aug-2024","282378","288395","280630","281500","332k","937.78m","282.50584k","8,895","1",
"01-Aug-2024","283358","285802","278925","285802","222k","632m","284.52105k","5,004","1",
"31-Jul-2024","277000","284882","276992","283600","402k","1.14b","283.083k","9,495","1",
"30-Jul-2024","276000","279984","276000","276644","192k","531.86m","277.35398k","4,419","1",
"29-Jul-2024","277904","279296","276000","277480","168k","465.56m","277.51397k","4,991","1",
"26-Jul-2024","276824","277904","273596","277904","179k","494.57m","276.80932k","3,960","1",
"25-Jul-2024","273499","278300","269378","276824","223k","612.52m","274.34442k","7,525","1",
"24-Jul-2024","272198","276081","272193","274200","326k","894.23m","274.36911k","6,133","1",
"23-Jul-2024","271578","276099","269518","273380","385k","1.05b","273.34523k","5,508","1",
"22-Jul-2024","270046","272560","266374","271578","224k","607.04m","270.63794k","7,136","1",
"19-Jul-2024","268201","270053","263743","270053","226k","607.18m","268.54369k","5,498","1",
"18-Jul-2024","269000","271691","266834","268200","346k","930.13m","268.65491k","8,758","1",
"17-Jul-2024","277274","277274","266500","269770","467k","1.26b","269.9642k","13,435","1",
"16-Jul-2024","278500","280194","273233","277274","481k","1.33b","276.3348k","10,761","1",
"15-Jul-2024","274000","278819","271901","278819","516k","1.43b","277.2481k","7,178","1",
"12-Jul-2024","270126","279950","269280","273225","269k","734.87m","273.37457k","7,162","1",
"11-Jul-2024","262704","270694","260779","269390","306k","822.58m","268.78323k","7,439","1",
"10-Jul-2024","261526","266390","260296","262703","239k","628.19m","262.43297k","6,239","1",
"09-Jul-2024","263066","267432","260531","263500","223k","586.88m","263.19556k","5,308","1",
"08-Jul-2024","263661","265295","262928","264057","186k","491.8m","264.11434k","3,582","1",
"05-Jul-2024","263862","265680","262001","263661","178k","469.32m","264.27127k","5,671","1",
"04-Jul-2024","269499","269500","263204","265500","199k","528.23m","265.71172k","4,239","1",
"03-Jul-2024","269449","269449","263069","266377","265k","705.3m","266.48605k","5,967","1",
"02-Jul-2024","265600","268181","260958","262900","298k","783.96m","263.09174k","6,964","1",
"01-Jul-2024","268500","274817","265532","265532","442k","1.19b","268.67625k","10,182","1",
"28-Jun-2024","255884","264825","251123","262900","391k","1.02b","261.77009k","10,912","1",
"27-Jun-2024","254001","259652","247012","253500","359k","918.22m","255.35573k","8,404","1",
"26-Jun-2024","257007","260185","254001","256340","313k","805.67m","257.1427k","6,388","1",
"25-Jun-2024","256500","260398","254819","257196","302k","775.54m","256.99369k","7,603","1",
"24-Jun-2024","259565","260658","250870","256900","419k","1.08b","256.80678k","10,770","1",
"21-Jun-2024","261300","264020","255092","259996","732k","1.9b","260.05823k","8,100","1",
"20-Jun-2024","265349","265349","253234","258211","767k","1.96b","255.73519k","7,678","1",
"19-Jun-2024","259000","268507","258994","259652","500k","1.31b","262.30429k","12,234","1",
"18-Jun-2024","239739","259662","239735","258921","1m","2.75b","255.85858k","23,790","1",
"17-Jun-2024","0","0","0","237310","0","0","0","0","1",
"14-Jun-2024","220000","238631","220000","237310","701k","1.65b","235.01753k","16,074","1",
"13-Jun-2024","222375","225367","220444","225234","428k","960.71m","223.79663k","7,753","1",
"12-Jun-2024","218501","224345","218501","221973","378k","842.06m","222.71351k","8,750","1",
"11-Jun-2024","216500","221338","215357","221338","324k","711.62m","219.69552k","6,322","1",
"10-Jun-2024","214000","218607","214000","215860","306k","662.63m","216.21453k","6,284","1",
"07-Jun-2024","214000","220303","214000","218501","142k","310.45m","218.30646k","3,159","1",
"06-Jun-2024","219412","219412","214214","217314","177k","384.85m","216.96432k","4,506","1",
"05-Jun-2024","223000","223000","214192","217000","270k","585.68m","216.70821k","7,199","1",
"04-Jun-2024","222000","224736","217786","219843","242k","534.94m","221.03221k","7,541","1",
"03-Jun-2024","215000","222726","214500","222726","373k","820.73m","220.22144k","7,433","1",
"31-May-2024","212961","218921","212755","212990","778k","1.67b","214.02701k","8,065","1",
"30-May-2024","222146","223265","214250","216462","337k","730.71m","216.61486k","8,693","1",
"29-May-2024","0","0","0","224403","0","0","0","0","1",
"28-May-2024","226400","226499","221698","224403","262k","587.26m","223.96121k","6,650","1",
"27-May-2024","226554","226554","223422","224664","123k","276.06m","224.64733k","3,218","1",
"24-May-2024","226000","227478","224228","226561","247k","560.02m","226.33045k","5,800","1",
"23-May-2024","226259","229000","225426","226000","270k","612.65m","226.9856k","9,448","1",
"22-May-2024","229998","229998","225053","226743","260k","591.35m","227.01826k","8,820","1",
"21-May-2024","225750","229140","225750","227944","285k","649.41m","227.66062k","5,393","1",
"20-May-2024","227500","229020","224648","229020","282k","642.58m","228.18817k","6,570","1",
"17-May-2024","225551","228241","224398","227000","233k","528.83m","226.69805k","5,612","1",
"16-May-2024","228898","229602","224177","228321","277k","632.21m","228.03023k","6,673","1",
"15-May-2024","226399","228047","224106","226877","269k","610.74m","226.6876k","6,924","1",
"14-May-2024","227000","231587","227000","228000","264k","604.43m","228.8006k","5,848","1",
"13-May-2024","235499","235499","226742","228944","278k","636.86m","229.02628k","7,520","1",
"10-May-2024","229632","231911","228474","229437","307k","707.22m","230.14894k","7,233","1",
"09-May-2024","225301","230489","225301","228674","250k","571.86m","228.69855k","4,625","1",
"08-May-2024","230475","230475","225674","228000","299k","680.63m","227.55873k","8,347","1",
"07-May-2024","226100","230567","226094","230517","246k","562.61m","228.98788k","5,985","1",
"06-May-2024","229783","229783","224650","225785","275k","623.38m","226.30313k","4,938","1",
"03-May-2024","227378","232137","225029","227000","402k","913.3m","227.13157k","8,037","1",
"02-May-2024","234135","236716","228853","229000","447k","1.04b","231.87095k","9,369","1",
"01-May-2024","0","0","0","232786","0","0","0","0","1",
"30-Apr-2024","229500","233990","227464","232786","406k","942.73m","232.26379k","7,755","1",
"29-Apr-2024","224000","229851","223405","229851","310k","708.43m","228.59214k","5,238","1",
"26-Apr-2024","212648","223967","212648","223967","269k","593.89m","221.11765k","5,292","1",
"25-Apr-2024","216500","218087","214641","216217","276k","596.31m","216.26695k","6,351","1",
"24-Apr-2024","218500","219061","214955","215746","387k","838.69m","216.588k","7,196","1",
"23-Apr-2024","206000","220188","204028","217378","737k","1.59b","215.7718k","14,879","1",
"22-Apr-2024","200100","203720","199521","201666","373k","752.68m","201.90021k","9,171","1",
"19-Apr-2024","201499","201703","196415","200000","285k","567.96m","198.9702k","7,961","1",
"18-Apr-2024","200917","202030","196116","201710","429k","858.15m","200.18415k","9,825","1",
"17-Apr-2024","201040","203943","197181","198150","332k","660.18m","198.68422k","8,213","1",
"16-Apr-2024","204500","204500","198726","201000","382k","767.67m","200.84696k","8,652","1",
"15-Apr-2024","206500","207850","204345","204345","361k","743.69m","205.79829k","7,387","1",
"12-Apr-2024","214810","214810","201190","204107","361k","739.5m","204.77471k","13,006","1",
"11-Apr-2024","212490","215848","208254","211875","719k","1.52b","211.67963k","11,901","1",
"10-Apr-2024","220000","221498","209795","212490","429k","913.6m","213.23036k","9,889","1",
"09-Apr-2024","221939","222516","218881","220000","585k","1.29b","221.09378k","10,379","1",
"08-Apr-2024","217200","222165","216859","222029","311k","685.84m","220.81247k","7,033","1",
"05-Apr-2024","217545","219929","213680","219929","383k","833.34m","217.91546k","8,435","1",
"04-Apr-2024","206001","219556","206001","217545","245k","529.25m","216.41488k","6,070","1",
"03-Apr-2024","205550","209978","205550","209978","208k","433.52m","208.89676k","5,351","1",
"02-Apr-2024","213900","213900","207832","210000","292k","612.04m","209.73775k","6,217","1",
"01-Apr-2024","0","0","0","209579","0","0","0","0","1",
"29-Mar-2024","0","0","0","209579","0","0","0","0","1",
"28-Mar-2024","208000","212314","206384","209579","205k","429m","209.09634k","3,732","1",
"27-Mar-2024","205500","211697","205500","210600","114k","239.92m","210.20726k","3,049","1",
"26-Mar-2024","207246","211377","207246","211353","241k","507.19m","210.4504k","5,213","1",
"25-Mar-2024","202002","208992","202002","208992","301k","622.01m","207.33171k","3,608","1",
"22-Mar-2024","202272","208923","202272","207857","413k","857.79m","207.68686k","7,023","1",
"21-Mar-2024","0","0","0","205909","0","0","0","0","1",
"20-Mar-2024","204312","207711","204312","205909","566k","1.16b","204.7946k","3,463","1",
"19-Mar-2024","207360","207360","203637","205410","191k","391.7m","205.56804k","4,109","1",
"18-Mar-2024","210503","214290","204795","206033","198k","408.72m","206.60567k","5,011","1",
"15-Mar-2024","213275","213275","208635","208831","490k","1.02b","209.32002k","4,578","1",
"14-Mar-2024","214999","214999","209701","211113","141k","296.94m","211.28021k","2,871","1",
"13-Mar-2024","212864","213354","210435","212144","203k","429.75m","212.02671k","4,501","1",
"12-Mar-2024","211099","218830","210976","211387","262k","560.58m","213.97551k","6,593","1",
"11-Mar-2024","210000","214660","207223","213500","223k","475.2m","212.87082k","4,167","1",
"08-Mar-2024","203736","213930","203619","210222","313k","655.94m","210.18306k","7,076","1",
"07-Mar-2024","208999","208999","201094","203500","164k","333.2m","203.71051k","4,607","1",
"06-Mar-2024","200500","207449","200494","206869","180k","371.14m","205.70813k","6,466","1",
"05-Mar-2024","204899","206784","200870","201644","246k","499.39m","202.46901k","5,411","1",
"04-Mar-2024","204544","206999","203555","204900","126k","258.96m","205.22424k","4,127","1",
"01-Mar-2024","202795","205253","200181","205050","132k","269.49m","203.47186k","3,733","1",
"29-Feb-2024","199961","203279","198698","201777","403k","812.29m","201.52293k","4,762","1",
"28-Feb-2024","201086","203996","196890","199961","172k","341.39m","199.03744k","4,118","1",
"27-Feb-2024","201613","203163","198401","201086","177k","355.08m","201.12091k","4,322","1",
"26-Feb-2024","204000","204676","200633","201841","288k","583.22m","201.97475k","5,543","1",
"23-Feb-2024","209800","212000","205301","205689","303k","626.51m","206.5229k","6,761","1",
"22-Feb-2024","208492","211564","207316","209800","229k","480.51m","209.53555k","4,346","1",
"21-Feb-2024","204633","208047","202998","208047","258k","534.12m","206.95406k","5,692","1",
"20-Feb-2024","202001","204634","201136","204634","153k","311.76m","204.13079k","3,319","1",
"19-Feb-2024","199826","204916","199826","204000","119k","242.29m","203.59973k","3,954","1",
"16-Feb-2024","200291","204408","199241","202546","268k","542.65m","202.46661k","5,806","1",
"15-Feb-2024","199860","200410","197368","199756","190k","379.82m","199.51276k","4,113","1",
"14-Feb-2024","199999","201431","198521","200499","250k","500.61m","200.18533k","3,557","1",
"13-Feb-2024","200666","203386","199001","200000","133k","266.1m","200.88811k","3,175","1",
"12-Feb-2024","201001","203017","198314","202000","180k","362.15m","201.04425k","4,777","1",
"09-Feb-2024","206800","207257","201385","202312","136k","275.55m","202.95679k","4,050","1",
"08-Feb-2024","204000","205947","201995","203800","216k","440.13m","203.49659k","6,193","1",
"07-Feb-2024","205500","207248","201494","204751","386k","789.38m","204.57383k","6,927","1",
"06-Feb-2024","203999","205162","201853","203961","614k","1.25b","203.08098k","9,292","1",
"05-Feb-2024","198155","203917","197178","200604","525k","1.06b","201.30353k","8,548","1",
"02-Feb-2024","196100","201972","196100","198764","210k","419.22m","199.96541k","5,489","1",
"01-Feb-2024","196772","199932","192623","199932","531k","1.05b","198.05159k","8,173","1",
"31-Jan-2024","201000","202834","198003","199800","333k","665.72m","199.73965k","4,773","1",
"30-Jan-2024","200621","201535","197495","200000","295k","588.84m","199.91563k","6,211","1",
"29-Jan-2024","205000","205430","198544","200370","277k","558.23m","201.54127k","5,824","1",
"26-Jan-2024","205000","205865","199764","205000","316k","646.38m","204.29858k","9,305","1",
"25-Jan-2024","202111","206562","202111","205000","179k","366.71m","204.87454k","3,742","1",
"24-Jan-2024","206100","210473","204298","204692","241k","495.04m","205.90613k","6,112","1",
"23-Jan-2024","204800","211165","204588","208662","169k","351.16m","208.21812k","5,798","1",
"22-Jan-2024","206007","208983","203652","204695","277k","570.75m","206.05472k","5,836","1",
"19-Jan-2024","205000","208932","204987","208423","296k","614.1m","207.81412k","6,713","1",
"18-Jan-2024","198500","208569","198500","206173","326k","668.35m","205.17011k","8,237","1",
"17-Jan-2024","198700","203105","197610","201760","300k","601.14m","200.60044k","6,181","1",
"16-Jan-2024","198949","205290","196660","202972","318k","645.06m","202.72032k","10,476","1",
"15-Jan-2024","200499","201621","195101","197162","214k","422.7m","197.59658k","4,676","1",
"12-Jan-2024","198282","201151","197445","200788","195k","389.4m","199.83044k","4,645","1",
"11-Jan-2024","196457","199937","196457","198412","155k","308.26m","198.66387k","3,513","1",
"10-Jan-2024","196000","197200","193991","197018","79k","155.08m","196.33197k","2,484","1",
"09-Jan-2024","194001","200018","194001","196300","145k","287.3m","198.27217k","6,332","1",
"08-Jan-2024","194555","199517","194555","199517","98k","193.58m","197.92534k","3,548","1",
"05-Jan-2024","198000","198000","193226","196559","108k","210.06m","195.12961k","3,196","1",
"04-Jan-2024","197001","201165","193591","194491","136k","266.79m","195.98018k","3,313","1",
"03-Jan-2024","201000","204159","197270","197841","119k","236.95m","198.43987k","3,922","1",
"02-Jan-2024","199200","204835","199199","201069","92k","186.22m","201.7925k","2,720","1",
"01-Jan-2024","0","0","0","202636","0","0","0","0","1",
"29-Dec-2023","203000","203999","200439","202636","99k","200.92m","202.81417k","2,057","1",
"28-Dec-2023","202301","203456","199879","200505","101k","204.15m","201.37294k","3,675","1",
"27-Dec-2023","193981","202500","193981","199796","203k","406.19m","199.81138k","5,883","1",
"26-Dec-2023","0","0","0","198500","0","0","0","0","1",
"25-Dec-2023","0","0","0","198500","0","0","0","0","1",
"22-Dec-2023","190500","199296","189935","198500","113k","224.45m","197.81825k","2,952","1",
"21-Dec-2023","188900","192977","188030","192544","520k","982.47m","189.00946k","2,891","1",
"20-Dec-2023","191671","193000","189506","191588","221k","422.3m","191.18803k","5,719","1",
"19-Dec-2023","188100","191871","187633","189734","166k","314.47m","189.0134k","4,596","1",
"18-Dec-2023","195386","196435","187879","188886","378k","719.94m","190.25829k","10,318","1",
"15-Dec-2023","0","0","0","195878","0","0","0","0","1",
"14-Dec-2023","187100","197236","187100","195878","706k","1.37b","195.06194k","11,325","1",
"13-Dec-2023","190000","192080","187335","189992","276k","524.53m","190.14266k","6,767","1",
"12-Dec-2023","189100","196358","188669","190049","261k","499.4m","191.22739k","6,839","1",
"11-Dec-2023","190721","195901","189655","194014","201k","386.04m","192.53557k","5,869","1",
"08-Dec-2023","193481","195491","192023","193281","566k","1.1b","193.76488k","13,951","1",
"07-Dec-2023","192222","195419","190667","194823","338k","655.89m","194.30201k","8,458","1",
"06-Dec-2023","191948","196256","190810","195267","381k","740.34m","194.16153k","11,008","1",
"05-Dec-2023","191000","196115","190513","191972","244k","469.75m","192.40588k","5,276","1",
"04-Dec-2023","194799","195370","192262","194316","238k","461.32m","193.93411k","5,212","1",
"01-Dec-2023","195000","197657","192500","195443","301k","587.63m","194.9059k","6,517","1",
"30-Nov-2023","194501","198170","194501","196071","400k","785.13m","196.25811k","5,417","1",
"29-Nov-2023","197999","198548","195000","196037","218k","427.01m","196.17002k","4,461","1",
"28-Nov-2023","195501","200000","195501","197497","167k","330.28m","198.22351k","4,267","1",
"27-Nov-2023","200000","201112","193573","197373","160k","316.66m","197.8972k","4,565","1",
"24-Nov-2023","193203","201576","193202","200000","209k","415.88m","199.42799k","4,775","1",
"23-Nov-2023","199500","199500","195921","196274","214k","422.59m","197.17405k","5,360","1",
"22-Nov-2023","189000","199900","189000","197235","192k","379.01m","197.04742k","5,825","1",
"21-Nov-2023","193550","199315","191509","198422","255k","502.5m","197.2275k","7,905","1",
"20-Nov-2023","192709","197345","192126","196389","195k","380.91m","195.53103k","4,338","1",
"17-Nov-2023","192890","196622","192622","195780","230k","448.9m","194.81k","6,422","1",
"16-Nov-2023","197900","200000","194740","195320","395k","777.77m","196.89913k","9,021","1",
"15-Nov-2023","193501","200821","193501","199008","295k","586.97m","199.07884k","8,308","1",
"14-Nov-2023","192400","196995","191565","195500","255k","496.53m","194.71765k","6,421","1",
"13-Nov-2023","187501","194943","187501","192413","302k","583.47m","193.07348k","6,764","1",
"10-Nov-2023","188497","193347","186922","191691","240k","459.98m","191.30558k","5,389","1",
"09-Nov-2023","191000","192533","187981","189100","353k","673.14m","190.09935k","7,156","1",
"08-Nov-2023","186600","192248","186582","191082","340k","647.58m","190.25832k","8,962","1",
"07-Nov-2023","185530","187932","184968","187500","482k","901.17m","187.01767k","13,965","1",
"06-Nov-2023","185400","189999","184732","188000","418k","781.59m","187.1608k","9,043","1",
"03-Nov-2023","176719","185496","175602","185496","481k","876.28m","182.36799k","10,086","1",
"02-Nov-2023","166995","176579","166266","175623","370k","640.4m","173.12715k","10,185","1",
"01-Nov-2023","163856","166813","163146","166021","235k","388.32m","165.45566k","5,270","1",
"31-Oct-2023","166999","167078","164699","165489","201k","332.88m","165.65378k","4,783","1",
"30-Oct-2023","164503","166034","163881","165225","166k","274.06m","165.18753k","2,801","1",
"27-Oct-2023","162200","166000","162200","163979","179k","293.21m","164.16692k","4,134","1",
"26-Oct-2023","161601","167573","161601","165772","270k","447.02m","164.89826k","6,785","1",
"25-Oct-2023","169001","170010","167205","168500","171k","288.19m","168.61525k","5,768","1",
"24-Oct-2023","169439","169930","167345","169200","128k","215.08m","168.53789k","4,002","1",
"23-Oct-2023","165100","169097","162654","168620","195k","326.95m","167.26511k","5,523","1",
"20-Oct-2023","172900","172900","166110","166600","182k","304.66m","167.0085k","5,794","1",
"19-Oct-2023","170961","173510","170001","171368","158k","270.42m","171.2843k","4,767","1",
"18-Oct-2023","173953","174931","172362","173048","199k","345.07m","173.48636k","5,820","1",
"17-Oct-2023","173500","177078","172578","176413","229k","401.76m","175.61899k","6,815","1",
"16-Oct-2023","175030","176992","174020","176276","133k","234.16m","175.74661k","5,093","1",
"13-Oct-2023","176706","178488","175216","175674","207k","364.32m","176.02049k","5,392","1",
"12-Oct-2023","182000","182753","176400","178624","187k","334.78m","179.07429k","4,338","1",
"11-Oct-2023","182100","182766","177400","181002","375k","675.69m","180.19518k","9,417","1",
"10-Oct-2023","178500","185687","178497","183600","422k","775.16m","183.50715k","12,904","1",
"09-Oct-2023","177100","179906","175025","178000","279k","494.96m","177.57337k","6,853","1",
"06-Oct-2023","174972","177927","173747","177595","207k","364.99m","176.47169k","7,600","1",
"05-Oct-2023","173000","174984","169904","174972","233k","402.43m","172.69952k","7,974","1",
"04-Oct-2023","172000","174230","170490","173896","273k","471.1m","172.66718k","8,869","1",
"03-Oct-2023","171689","174775","167649","173083","263k","455m","172.98044k","7,666","1",
"02-Oct-2023","171700","172888","167867","169789","227k","385.93m","169.89806k","6,678","1",
"29-Sep-2023","178000","178000","170254","171633","281k","483.91m","172.36456k","6,499","1",
"28-Sep-2023","163900","180000","163900","175148","580k","1.01b","174.64276k","14,724","1",
"27-Sep-2023","164987","168900","163923","164563","191k","318.02m","166.14547k","6,406","1",
"26-Sep-2023","163000","168254","160505","167147","213k","354.67m","166.2457k","5,275","1",
"25-Sep-2023","0","0","0","168361","0","0","0","0","1",
"22-Sep-2023","170925","171342","167935","168361","143k","241.81m","168.79426k","4,735","1",
"21-Sep-2023","169501","171198","163545","170067","530k","893.78m","168.53562k","4,628","1",
"20-Sep-2023","166825","172942","166825","172090","186k","319.03m","171.2867k","5,190","1",
"19-Sep-2023","166252","171444","166252","169500","179k","302.99m","169.53735k","5,731","1",
"18-Sep-2023","170986","171061","166895","169000","156k","264.29m","168.89806k","4,945","1",
"15-Sep-2023","170791","173319","169811","170986","442k","756.56m","171.2388k","5,333","1",
"14-Sep-2023","169001","173330","167069","170792","297k","505.2m","170.09854k","7,062","1",
"13-Sep-2023","166000","173000","166000","173000","235k","403m","171.54506k","5,023","1",
"12-Sep-2023","172950","172950","169155","171373","208k","354.73m","170.56792k","4,336","1",
"11-Sep-2023","171775","173047","169489","171900","324k","556.41m","171.75171k","8,271","1",
"08-Sep-2023","155001","171268","155001","171268","1m","1.83b","167.19474k","18,015","1",
"07-Sep-2023","158000","158000","155132","155741","280k","437.52m","156.03092k","4,756","1",
"06-Sep-2023","161747","162998","158279","159222","179k","285.07m","159.60278k","4,195","1",
"05-Sep-2023","160263","163500","157891","163298","571k","921.96m","161.80846k","7,735","1",
"04-Sep-2023","159869","160725","156125","160000","346k","551.15m","159.45434k","5,184","1",
"01-Sep-2023","159344","159687","154430","155810","282k","440.46m","156.19294k","5,398","1",
"31-Aug-2023","161402","161403","157520","158470","503k","798.37m","158.70763k","7,122","1",
"30-Aug-2023","162499","162900","159060","161597","320k","516.64m","161.54804k","7,334","1",
"29-Aug-2023","162999","163000","159315","160490","310k","496.23m","160.27776k","5,532","1",
"28-Aug-2023","164190","164315","160282","161998","176k","284.02m","161.69873k","5,161","1",
"25-Aug-2023","168501","169010","161674","162565","318k","520.55m","163.5323k","7,837","1",
"24-Aug-2023","169999","170647","167002","169489","464k","784.46m","169.17366k","6,866","1",
"23-Aug-2023","166041","170073","165806","167000","332k","555.61m","167.17308k","8,641","1",
"22-Aug-2023","172729","174300","165275","166008","422k","706.45m","167.56303k","7,496","1",
"21-Aug-2023","163500","170477","163500","168983","281k","474m","168.80927k","7,309","1",
"18-Aug-2023","166002","167343","163693","165216","263k","434.01m","165.04641k","6,266","1",
"17-Aug-2023","169111","172655","166500","169024","365k","614.6m","168.43003k","9,148","1",
"16-Aug-2023","172000","173276","169662","171327","398k","681.73m","171.34758k","5,230","1",
"15-Aug-2023","172627","175741","169689","171676","303k","520.86m","171.78817k","5,862","1",
"14-Aug-2023","175875","177944","172719","175824","254k","444.56m","175.22774k","6,848","1",
"11-Aug-2023","178900","179678","175077","178361","197k","350.62m","178.28911k","4,117","1",
"10-Aug-2023","177000","179809","173555","178120","201k","357.13m","178.04789k","5,081","1",
"09-Aug-2023","0","0","0","177434","0","0","0","0","1",
"08-Aug-2023","177189","179235","176166","177434","262k","465.81m","177.7077k","5,997","1",
"07-Aug-2023","176901","181833","176901","178461","271k","486.09m","178.99622k","4,825","1",
"04-Aug-2023","176206","180391","175453","180387","622k","1.11b","179.11701k","11,089","1",
"03-Aug-2023","171601","174370","168328","173439","358k","614.67m","171.81313k","7,704","1",
"02-Aug-2023","175592","175592","171001","171511","330k","568.07m","172.27086k","7,984","1",
"01-Aug-2023","179602","181003","174371","175592","321k","568.88m","176.86906k","8,083","1",
"31-Jul-2023","179071","179536","176321","179341","336k","599.77m","178.42951k","6,632","1",
"28-Jul-2023","175000","178998","175000","178998","587k","1.05b","178.31018k","8,434","1",
"27-Jul-2023","169500","176712","168956","175740","447k","780.81m","174.73704k","7,622","1",
"26-Jul-2023","164691","171605","164691","171211","372k","631.63m","169.83468k","8,282","1",
"25-Jul-2023","167500","167569","163419","165540","185k","305.52m","165.32948k","4,681","1",
"24-Jul-2023","160637","169000","160637","166300","188k","311.66m","165.71512k","4,331","1",
"21-Jul-2023","164532","165530","161658","162805","136k","220.52m","162.74685k","2,780","1",
"20-Jul-2023","160600","164991","160600","164532","178k","292.22m","163.82272k","3,165","1",
"19-Jul-2023","167561","168064","163154","163774","210k","347.38m","164.92766k","4,771","1",
"18-Jul-2023","165918","168394","164764","167561","330k","551.16m","167.14466k","7,562","1",
"17-Jul-2023","163999","167970","162726","167400","314k","524.06m","166.81463k","6,133","1",
"14-Jul-2023","163075","166493","161628","165071","531k","877.49m","164.93109k","7,552","1",
"13-Jul-2023","157000","163669","156992","163367","307k","494.69m","161.21353k","5,184","1",
"12-Jul-2023","153048","158814","153048","158492","241k","379.15m","157.53589k","6,547","1",
"11-Jul-2023","154999","156240","152831","154500","239k","368.38m","154.28878k","6,364","1",
"10-Jul-2023","153499","153988","151582","153437","156k","239.8m","153.22753k","3,931","1",
"07-Jul-2023","155165","155165","150917","153636","138k","210.64m","152.77692k","3,643","1",
"06-Jul-2023","155217","155876","151690","152618","179k","274.87m","153.83268k","5,250","1",
"05-Jul-2023","154787","159041","154537","156999","167k","263.55m","157.34537k","3,451","1",
"04-Jul-2023","156000","159040","153083","156972","204k","320.9m","157.53446k","4,293","1",
"03-Jul-2023","156627","158592","154302","156114","226k","355.27m","157.00408k","5,586","1",
"30-Jun-2023","156999","156999","153170","156783","248k","387.78m","156.17346k","3,952","1",
"29-Jun-2023","153000","154834","152083","153000","170k","260.93m","153.46404k","4,831","1",
"28-Jun-2023","149281","154076","149281","152742","167k","254.65m","152.92798k","3,397","1",
"27-Jun-2023","152500","152647","149281","151714","197k","298.26m","151.23442k","5,569","1",
"26-Jun-2023","151000","152427","149899","150805","156k","235.22m","150.91179k","3,823","1",
"23-Jun-2023","153000","153000","147444","150596","220k","329.4m","149.59048k","5,332","1",
"22-Jun-2023","153913","155293","151858","152150","195k","298.7m","152.83501k","3,953","1",
"21-Jun-2023","156000","156000","153090","155252","297k","460.07m","154.88406k","4,572","1",
"20-Jun-2023","152000","157856","150293","155050","455k","708.44m","155.73783k","8,552","1",
"19-Jun-2023","152215","152742","148370","152149","307k","464.06m","150.98796k","5,947","1",
"16-Jun-2023","0","0","0","153178","0","0","0","0","1",
"15-Jun-2023","150967","154238","149083","153178","1m","1.77b","152.9592k","7,447","1",
"14-Jun-2023","147447","151680","146218","150471","301k","453.03m","150.33859k","5,579","1",
"13-Jun-2023","145500","148720","145081","147373","320k","470.24m","146.80819k","7,702","1",
"12-Jun-2023","150218","151012","144160","145000","572k","843.8m","147.46829k","9,594","1",
"09-Jun-2023","142380","150565","141577","150218","1m","1.96b","146.80638k","12,662","1",
"08-Jun-2023","141542","146292","140375","143151","350k","501.73m","143.54477k","7,643","1",
"07-Jun-2023","138000","143584","138000","141543","315k","443.63m","141.00006k","5,623","1",
"06-Jun-2023","136001","139873","136001","139116","352k","489.51m","139.10562k","5,195","1",
"05-Jun-2023","138000","139020","134691","138184","323k","443.86m","137.60716k","6,621","1",
"02-Jun-2023","136401","139389","135684","138094","451k","618.76m","137.18966k","8,622","1",
"01-Jun-2023","136000","137835","133156","136249","1m","1.4b","136.05604k","15,256","1",
"31-May-2023","137200","138630","134695","135000","1m","1.41b","135.9177k","13,167","1",
"30-May-2023","141078","141405","136537","137116","457k","631.13m","138.13957k","8,265","1",
"29-May-2023","139695","141104","137005","140363","163k","228.84m","140.16682k","3,449","1",
"26-May-2023","140500","141035","136815","140297","278k","386.6m","139.05006k","6,377","1",
"25-May-2023","145725","150541","139871","141163","308k","438.51m","142.59988k","6,951","1",
"24-May-2023","145000","145812","142398","145184","279k","402.56m","144.56897k","5,848","1",
"23-May-2023","144840","146180","142860","143701","293k","422.57m","144.06388k","6,023","1",
"22-May-2023","147220","147430","142820","144831","285k","413.74m","145.00297k","5,196","1",
"19-May-2023","141500","146618","140966","146288","727k","1.05b","145.07755k","12,032","1",
"18-May-2023","143064","143716","132856","140622","911k","1.26b","138.69923k","17,013","1",
"17-May-2023","146700","147332","142028","142287","683k","977.36m","143.04448k","9,767","1",
"16-May-2023","150000","150002","145145","147879","314k","464.64m","148.13355k","6,601","1",
"15-May-2023","152224","152224","146873","148140","595k","882.31m","148.32702k","9,190","1",
"12-May-2023","147999","151578","143511","149596","514k","763.48m","148.58012k","11,568","1",
"11-May-2023","156121","156135","145001","148243","547k","813.31m","148.54805k","10,778","1",
"10-May-2023","158067","158077","152019","154032","186k","287.74m","154.69821k","4,398","1",
"09-May-2023","160000","160983","157106","160000","237k","377.55m","159.58191k","5,014","1",
"08-May-2023","160999","160999","157596","159488","195k","308.88m","158.71571k","4,270","1",
"05-May-2023","154000","160096","154000","159499","363k","576.13m","158.74333k","6,030","1",
"04-May-2023","157510","161269","154009","155287","383k","601.75m","156.89564k","7,452","1",
"03-May-2023","157448","159700","156240","157471","331k","519.9m","157.28507k","5,830","1",
"02-May-2023","161000","161491","157397","158571","337k","534.62m","158.7678k","7,061","1",
"01-May-2023","0","0","0","159287","0","0","0","0","1",
"28-Apr-2023","164052","165000","158294","159287","560k","896.87m","160.0377k","9,181","1",
"27-Apr-2023","0","0","0","162000","0","0","0","0","1",
"26-Apr-2023","158832","162496","156883","162000","319k","511.56m","160.23007k","6,569","1",
"25-Apr-2023","161150","162200","158936","158936","344k","551.74m","160.19848k","6,275","1",
"24-Apr-2023","164100","166148","160274","161229","367k","594.79m","161.88901k","7,619","1",
"21-Apr-2023","163300","165143","161700","163500","305k","499.06m","163.57906k","6,388","1",
"20-Apr-2023","163311","165500","161951","163563","479k","782.86m","163.60454k","7,905","1",
"19-Apr-2023","167000","167000","161720","162858","562k","916.24m","163.03831k","9,856","1",
"18-Apr-2023","174600","174664","160995","167000","875k","1.45b","166.15091k","15,796","1",
"17-Apr-2023","177002","178631","173201","174899","208k","363.89m","174.86802k","3,432","1",
"14-Apr-2023","178950","179664","176180","178000","159k","281.85m","177.80788k","3,199","1",
"13-Apr-2023","178539","180291","176825","177812","285k","507.79m","177.87749k","5,580","1",
"12-Apr-2023","179999","181654","175793","180320","230k","415.18m","180.15937k","4,775","1",
"11-Apr-2023","175500","179825","175476","176471","265k","470.74m","177.86929k","5,929","1",
"10-Apr-2023","0","0","0","175477","0","0","0","0","1",
"07-Apr-2023","0","0","0","175477","0","0","0","0","1",
"06-Apr-2023","173500","177267","172397","175477","143k","250.41m","175.41365k","3,375","1",
"05-Apr-2023","176900","176902","172966","173571","176k","306.83m","174.504k","2,166","1",
"04-Apr-2023","172649","178958","171000","177223","289k","511.41m","176.96517k","4,577","1",
"03-Apr-2023","167520","174155","167520","172671","185k","318.85m","172.52844k","3,122","1",
"31-Mar-2023","172000","172000","167929","168769","222k","374.87m","168.89728k","2,535","1",
"30-Mar-2023","169000","172847","169000","170904","141k","239.95m","170.56398k","2,308","1",
"29-Mar-2023","168885","173188","168468","170861","251k","429.2m","171.19938k","4,602","1",
"28-Mar-2023","165001","170629","164515","168924","310k","524.97m","169.18203k","6,042","1",
"27-Mar-2023","161585","166437","161584","165092","151k","248.38m","164.69336k","2,724","1",
"24-Mar-2023","163332","163942","158876","161581","373k","602.76m","161.18259k","4,296","1",
"23-Mar-2023","155240","163187","155066","163187","600k","969.17m","161.49562k","7,913","1",
"22-Mar-2023","160355","164998","155016","155236","462k","726.47m","157.29447k","7,374","1",
"21-Mar-2023","0","0","0","159174","0","0","0","0","1",
"20-Mar-2023","159000","160744","156268","159174","179k","284.2m","158.73155k","3,172","1",
"17-Mar-2023","162000","164489","159995","159995","427k","685.55m","160.63498k","3,808","1",
"16-Mar-2023","158387","160893","157144","159459","854k","1.36b","159.60911k","5,592","1",
"15-Mar-2023","163270","165266","155628","158276","445k","703.66m","158.38446k","5,537","1",
"14-Mar-2023","166000","166116","160759","163275","261k","426.08m","163.53567k","4,569","1",
"13-Mar-2023","169700","172177","163565","165217","332k","550.26m","165.91342k","6,058","1",
"10-Mar-2023","175000","175000","168000","168873","230k","390.66m","169.73466k","5,088","1",
"09-Mar-2023","172500","176290","170661","175109","465k","807.14m","173.63585k","8,146","1",
"08-Mar-2023","178881","178881","174050","175974","338k","593.79m","175.8606k","4,525","1",
"07-Mar-2023","178449","181706","177214","179024","442k","794.93m","179.87513k","5,421","1",
"06-Mar-2023","173250","177435","172511","177099","238k","419.36m","176.55883k","4,103","1",
"03-Mar-2023","173000","178643","173000","173251","181k","314.92m","174.14922k","3,252","1",
"02-Mar-2023","176578","178522","173500","174150","183k","320.9m","175.38845k","3,803","1",
"01-Mar-2023","177000","178920","175343","176223","197k","347.87m","176.94976k","2,889","1",
"28-Feb-2023","174467","177259","172001","175451","307k","537.89m","175.41885k","3,138","1",
"27-Feb-2023","175001","175298","172176","173750","271k","471.78m","174.00061k","4,816","1",
"24-Feb-2023","178600","180741","174558","175862","239k","422.04m","176.66392k","4,418","1",
"23-Feb-2023","177000","181902","177000","180000","260k","469.18m","180.11465k","4,519","1",
"22-Feb-2023","179491","182196","177655","179380","207k","371.48m","179.62127k","3,170","1",
"21-Feb-2023","179200","183758","179194","179492","210k","379.51m","180.82572k","4,419","1",
"20-Feb-2023","175000","180456","175000","179291","128k","229.32m","179.0341k","2,591","1",
"17-Feb-2023","175000","182467","175000","179187","196k","351.69m","179.79274k","3,593","1",
"16-Feb-2023","175101","180000","175101","177535","176k","313.21m","178.18255k","3,184","1",
"15-Feb-2023","179733","181483","177607","178932","198k","355.44m","179.32383k","2,895","1",
"14-Feb-2023","177413","180700","175529","178350","194k","345.28m","178.42404k","3,081","1",
"13-Feb-2023","175000","177493","174212","177165","179k","315.34m","176.35841k","2,411","1",
"10-Feb-2023","175541","179617","174001","174226","255k","448.16m","175.27244k","3,661","1",
"09-Feb-2023","179200","180393","176614","177935","135k","241.09m","178.38419k","3,218","1",
"08-Feb-2023","180862","180862","175681","177485","141k","250.27m","177.28441k","2,485","1",
"07-Feb-2023","184633","184633","175912","177708","283k","506m","178.55139k","4,536","1",
"06-Feb-2023","182854","182854","179800","181731","252k","457.34m","181.36823k","3,373","1",
"03-Feb-2023","182800","184013","180036","182854","250k","456.49m","182.8645k","4,224","1",
"02-Feb-2023","183000","183380","180018","182115","238k","433.25m","182.13852k","5,418","1",
"01-Feb-2023","180364","183986","179062","181919","224k","408.22m","181.83698k","3,892","1",
"31-Jan-2023","181000","183211","179002","179175","315k","567.79m","180.14965k","4,553","1",
"30-Jan-2023","181000","183050","179447","181336","486k","879.25m","181.11235k","4,718","1",
"27-Jan-2023","182000","185430","181000","181617","289k","528.09m","182.6741k","5,319","1",
"26-Jan-2023","184357","184753","179817","181500","423k","768.74m","181.6624k","5,848","1",
"25-Jan-2023","185210","186305","182998","184357","158k","290.72m","184.42822k","2,608","1",
"24-Jan-2023","186001","189095","184249","185200","229k","424.28m","185.15k","3,950","1",
"23-Jan-2023","186000","189854","185343","188864","131k","246.26m","188.53836k","3,198","1",
"20-Jan-2023","185023","187598","183845","185139","162k","299.13m","185.19074k","3,300","1",
"19-Jan-2023","188707","190384","184501","187455","227k","424.35m","187.29401k","4,902","1",
"18-Jan-2023","192000","192875","188222","188500","237k","448.54m","189.21443k","3,660","1",
"17-Jan-2023","193931","194614","188802","190375","192k","365.63m","190.63085k","3,221","1",
"16-Jan-2023","193100","196999","192318","193932","108k","211.16m","194.80094k","2,609","1",
"13-Jan-2023","195762","195988","192258","194613","152k","296.02m","194.53032k","3,367","1",
"12-Jan-2023","189000","195756","189000","193088","211k","407.59m","193.53468k","5,065","1",
"11-Jan-2023","189532","191847","186547","190138","179k","338.68m","189.69865k","3,079","1",
"10-Jan-2023","190000","190343","185450","189593","299k","562.79m","188.31148k","3,745","1",
"09-Jan-2023","191000","192678","187701","191719","172k","327.99m","191.09905k","4,666","1",
"06-Jan-2023","190115","190499","184319","187292","137k","255.31m","186.88357k","2,647","1",
"05-Jan-2023","191000","191000","185378","186667","149k","278.24m","187.23656k","2,713","1",
"04-Jan-2023","186000","191018","186000","189579","130k","246.28m","189.35641k","2,511","1",
"03-Jan-2023","184000","188780","183000","187868","135k","253.85m","187.56039k","2,511","1",
"02-Jan-2023","0","0","0","185857","0","0","0","0","1",
"30-Dec-2022","185597","191132","184479","185857","78k","145.12m","185.66843k","887","1",
"29-Dec-2022","188537","188621","184846","186967","107k","199.13m","186.44262k","2,309","1",
"28-Dec-2022","188500","191499","186701","189257","139k","263.36m","189.39138k","2,281","1",
"27-Dec-2022","0","0","0","189921","0","0","0","0","1",
"26-Dec-2022","0","0","0","189921","0","0","0","0","1",
"23-Dec-2022","187001","190981","186771","189921","36k","67.98m","189.21766k","965","1",
"22-Dec-2022","189950","191415","187000","188516","113k","212.65m","188.61012k","1,857","1",
"21-Dec-2022","190931","190931","186568","189935","74k","141.21m","189.64623k","1,629","1",
"20-Dec-2022","186625","190169","185793","188208","105k","197.04m","188.23543k","1,959","1",
"19-Dec-2022","182000","188912","181224","188134","227k","421.79m","186.19881k","4,514","1",
"16-Dec-2022","0","0","0","182000","0","0","0","0","1",
"15-Dec-2022","185075","187930","179525","182000","1m","2.08b","180.99694k","5,559","1",
"14-Dec-2022","187900","190709","184901","187788","207k","388.18m","187.61162k","4,510","1",
"13-Dec-2022","185845","190409","184001","188271","225k","420.45m","186.79507k","3,938","1",
"12-Dec-2022","189001","190364","185855","187185","171k","321.47m","187.69793k","3,177","1",
"09-Dec-2022","191549","191909","188144","190000","194k","369.59m","190.49681k","3,637","1",
"08-Dec-2022","188000","193267","188000","189123","215k","407.09m","189.73652k","4,651","1",
"07-Dec-2022","187000","189999","187000","189600","276k","522.72m","189.18398k","4,884","1",
"06-Dec-2022","190000","191652","188456","188940","199k","375.86m","189.32608k","5,630","1",
"05-Dec-2022","190001","194940","189164","189348","366k","700.81m","191.36205k","5,641","1",
"02-Dec-2022","188593","192407","179314","188581","718k","1.35b","188.11489k","13,445","1",
"01-Dec-2022","202400","203915","183234","183631","692k","1.3b","188.61439k","10,798","1",
"30-Nov-2022","200349","204398","197000","202430","603k","1.22b","201.96729k","5,472","1",
"29-Nov-2022","202000","204300","197532","198250","231k","458.97m","198.69922k","5,217","1",
"28-Nov-2022","201000","202580","199095","201194","158k","316.75m","201.05475k","3,084","1",
"25-Nov-2022","200001","201611","196517","200582","123k","246.14m","200.00534k","2,869","1",
"24-Nov-2022","199055","204490","199055","201579","154k","311.7m","202.02012k","2,202","1",
"23-Nov-2022","200499","203605","199520","200922","221k","444.05m","201.02958k","3,700","1",
"22-Nov-2022","197001","204063","197001","201807","201k","406.3m","202.04356k","3,863","1",
"21-Nov-2022","201999","201999","197426","199212","174k","346.87m","198.85845k","5,419","1",
"18-Nov-2022","202000","202000","197028","199791","256k","510.98m","199.6211k","5,969","1",
"17-Nov-2022","202500","204738","196520","197348","247k","490.14m","198.84102k","3,573","1",
"16-Nov-2022","198999","202553","196362","201005","313k","627.45m","200.76965k","4,849","1",
"15-Nov-2022","201000","202460","196307","197453","229k","453.04m","198.19051k","5,075","1",
"14-Nov-2022","198800","202646","195500","200565","284k","568.51m","200.46469k","6,676","1",
"11-Nov-2022","197000","199663","192679","198804","343k","680.56m","198.60794k","6,647","1",
"10-Nov-2022","189001","197931","188044","196722","170k","330.02m","194.44211k","3,535","1",
"09-Nov-2022","190100","194855","188050","191441","259k","495.96m","191.16571k","4,723","1",
"08-Nov-2022","194058","195468","192664","194030","110k","213.06m","193.82428k","1,969","1",
"07-Nov-2022","193777","196869","191235","192648","209k","403.08m","193.07892k","4,954","1",
"04-Nov-2022","193000","193900","189650","192785","157k","301.93m","192.12979k","2,980","1",
"03-Nov-2022","189524","195500","188461","190196","292k","555.88m","190.09487k","4,945","1",
"02-Nov-2022","191000","195811","191000","193999","191k","370.6m","194.16203k","4,098","1",
"01-Nov-2022","188001","196000","188001","190655","281k","541.01m","192.26483k","5,482","1",
"31-Oct-2022","191699","191700","187693","190057","144k","274.36m","190.41945k","2,442","1",
"28-Oct-2022","189725","191500","187299","190999","220k","417.98m","190.16313k","2,805","1",
"27-Oct-2022","190099","191801","184399","189725","230k","435.83m","189.8298k","4,855","1",
"26-Oct-2022","185395","192989","185358","191643","276k","526.18m","190.96961k","5,279","1",
"25-Oct-2022","180804","186416","180804","185395","228k","418.81m","183.84566k","3,882","1",
"24-Oct-2022","180000","183652","179001","180917","201k","363.48m","180.90836k","3,097","1",
"21-Oct-2022","183000","183000","179523","181178","153k","277.25m","181.24119k","3,603","1",
"20-Oct-2022","183522","185330","179790","182868","323k","589.26m","182.01207k","3,683","1",
"19-Oct-2022","179705","184833","179705","184565","199k","365.29m","183.88227k","2,910","1",
"18-Oct-2022","186499","186499","181199","182948","206k","379.2m","183.75832k","3,519","1",
"17-Oct-2022","180036","184317","178340","184061","288k","524.17m","182.11851k","3,962","1",
"14-Oct-2022","184101","186574","178811","180037","230k","417.14m","181.17009k","4,260","1",
"13-Oct-2022","184000","184999","177605","181987","375k","684.96m","182.58754k","5,428","1",
"12-Oct-2022","181439","187000","181000","182246","351k","643.4m","183.39593k","6,190","1",
"11-Oct-2022","177500","181438","175867","180387","407k","733.83m","180.25873k","5,483","1",
"10-Oct-2022","175274","179999","172656","177024","377k","666.33m","176.97065k","5,465","1",
"07-Oct-2022","174000","178409","174000","176800","445k","784.82m","176.50782k","9,256","1",
"06-Oct-2022","171000","176962","170088","175000","538k","939.19m","174.60909k","9,810","1",
"05-Oct-2022","164510","172062","163862","170548","737k","1.25b","169.7022k","12,359","1",
"04-Oct-2022","158000","164287","156017","163800","574k","925.52m","161.49431k","9,400","1",
"03-Oct-2022","155996","158925","152500","155372","813k","1.26b","154.81683k","7,334","1",
"30-Sep-2022","162200","163733","155300","155300","494k","782.48m","158.2467k","6,941","1",
"29-Sep-2022","180000","180000","161250","161514","1m","1.81b","165.11702k","14,821","1",
"28-Sep-2022","171311","181124","166892","180000","948k","1.67b","176.45712k","13,962","1",
"27-Sep-2022","166900","171517","162633","170977","528k","892.89m","169.2206k","9,446","1",
"26-Sep-2022","163000","163925","159658","163925","386k","625.76m","162.20874k","4,818","1",
"23-Sep-2022","165000","166563","161148","163031","554k","907.17m","163.73519k","9,062","1",
"22-Sep-2022","171000","172617","163555","164906","578k","962.05m","166.39386k","7,941","1",
"21-Sep-2022","171936","174811","169952","170000","380k","647.33m","170.56392k","5,373","1",
"20-Sep-2022","174500","175655","172270","172800","217k","377.83m","173.96354k","3,786","1",
"19-Sep-2022","174417","178417","170561","172240","277k","478.85m","172.96422k","4,894","1",
"16-Sep-2022","176900","177853","174339","174417","612k","1.07b","174.93592k","4,648","1",
"15-Sep-2022","179177","181395","176000","177000","848k","1.52b","179.30616k","4,804","1",
"14-Sep-2022","182877","183372","179000","179177","357k","645.19m","180.58404k","5,101","1",
"13-Sep-2022","190000","192085.5","182538","183131","440k","814.68m","185.17847k","6,856","1",
"12-Sep-2022","190101","194555","190101","191333","182k","349.08m","191.95083k","4,016","1",
"09-Sep-2022","193500","195252","189869","190432","392k","750.36m","191.34485k","7,243","1",
"08-Sep-2022","200000","203726","190000","190000","1m","2.25b","193.22426k","19,318","1",
"07-Sep-2022","215800","215800","208495","209737","245k","514.32m","210.05468k","3,786","1",
"06-Sep-2022","215000","215781","213272","214196","171k","367.41m","214.58561k","2,117","1",
"05-Sep-2022","214000","215015","208001","212628","203k","433.63m","213.0527k","2,887","1",
"02-Sep-2022","203260","209869","201020","209349","176k","364.18m","207.48605k","4,191","1",
"01-Sep-2022","206449","210160","200272","203256","256k","520.04m","203.29958k","5,641","1",
"31-Aug-2022","212222","214631","204355","204355","422k","869.48m","205.93937k","5,506","1",
"30-Aug-2022","211678","214441","210451","212099","177k","375.9m","212.68362k","3,454","1",
"29-Aug-2022","207001","213378","207001","211678","149k","314.97m","211.0768k","2,961","1",
"26-Aug-2022","211194","214004","207701","212056","136k","288.1m","212.36233k","2,447","1",
"25-Aug-2022","206001","210865","206001","209006","99k","206.05m","209.11974k","2,212","1",
"24-Aug-2022","209580","210114","207307","209000","102k","213.56m","208.93688k","1,240","1",
"23-Aug-2022","212699","212700","207367","209572","136k","284.21m","209.59318k","1,514","1",
"22-Aug-2022","207968","210286","205355","208350","172k","358.81m","208.1646k","2,566","1",
"19-Aug-2022","214520","215315","210019","210500","143k","301.54m","211.36624k","2,319","1",
"18-Aug-2022","216499","216499","210008","214520","94k","201.79m","214.64339k","1,556","1",
"17-Aug-2022","214999","217299","212403","214404","93k","198.8m","214.57759k","1,780","1",
"16-Aug-2022","212501","217203","211690","215052","105k","225.56m","215.28466k","2,912","1",
"15-Aug-2022","211183","216393","210250","214904","175k","375.46m","214.60911k","2,754","1",
"12-Aug-2022","209472","215276","209472","212568","138k","294.14m","212.94643k","2,432","1",
"11-Aug-2022","210000","212465","207169","210594","170k","358.47m","210.87592k","2,636","1",
"10-Aug-2022","203724","210000","203342","209689","226k","469.87m","208.26418k","3,390","1",
"09-Aug-2022","0","0","0","206466","0","0","0","0","1",
"08-Aug-2022","204495","208897","204495","206466","97k","201.09m","206.53577k","1,980","1",
"05-Aug-2022","205499","208209","205015","206731","122k","251.92m","206.78368k","2,398","1",
"04-Aug-2022","200000","207423","200000","202912","169k","344.48m","204.38016k","4,661","1",
"03-Aug-2022","199494","203218","198016","202044","171k","344.15m","201.70837k","2,941","1",
"02-Aug-2022","200988","202191","196165","198183","192k","380.99m","198.33294k","3,222","1",
"01-Aug-2022","203326","203326","197674","199934","229k","457.52m","199.76847k","2,388","1",
"29-Jul-2022","201501","205998","196727","199203","258k","515.89m","199.75518k","2,188","1",
"28-Jul-2022","201500","205857","201500","203697","148k","301.1m","204.06752k","1,872","1",
"27-Jul-2022","201871","204358","200806","202703","268k","543.48m","202.65829k","3,109","1",
"26-Jul-2022","202500","204757","201133","202911","98k","199.59m","202.93076k","1,491","1",
"25-Jul-2022","205200","205367","202209","202209","197k","399.02m","202.69951k","1,425","1",
"22-Jul-2022","207999","211199","205273","205728","174k","359.97m","207.15383k","2,623","1",
"21-Jul-2022","204999","209904","199485","207099","257k","529.3m","206.27815k","2,829","1",
"20-Jul-2022","199750","204844","199750","202299","181k","364.77m","202.058k","3,515","1",
"19-Jul-2022","201097","203498","198206","202368","124k","250.57m","201.89653k","1,870","1",
"18-Jul-2022","199000","203140","198100","199749","159k","318.15m","199.97535k","2,406","1",
"15-Jul-2022","192273","199194","192273","197224","145k","284.61m","196.48623k","2,789","1",
"14-Jul-2022","196000","199268","192080","194119","175k","341.88m","195.21949k","2,529","1",
"13-Jul-2022","199000","199000","193598","195853","187k","366.91m","196.03488k","3,228","1",
"12-Jul-2022","197100","199271","194608","198000","171k","336.45m","197.27714k","2,534","1",
"11-Jul-2022","199108","200908","196004","197100","126k","248.46m","197.45619k","2,048","1",
"08-Jul-2022","197118","204818","197118","199108","294k","587.41m","200.04744k","4,123","1",
"07-Jul-2022","200546","203507","197185","200791","229k","458.49m","200.55771k","2,827","1",
"06-Jul-2022","195183","199999","192501","196042","282k","552.87m","196.00363k","4,249","1",
"05-Jul-2022","200004","200500","195002","195531","326k","643.58m","197.70588k","4,370","1",
"04-Jul-2022","197000","203286","197000","201081","305k","613.96m","201.11203k","5,125","1",
"01-Jul-2022","198501","202552","196002","197000","367k","730.58m","198.84856k","6,459","1",
"30-Jun-2022","205700","205700","196863","198213","504k","1b","199.15236k","6,983","1",
"29-Jun-2022","204644","206450","201082","202864","349k","707.04m","202.72413k","5,049","1",
"28-Jun-2022","207939","211298","204353","205800","282k","581.29m","206.12076k","3,877","1",
"27-Jun-2022","210000","212496","205271","207993","240k","499.06m","208.14802k","4,435","1",
"24-Jun-2022","209255","211213","207235","210239","193k","405.36m","209.67228k","2,947","1",
"23-Jun-2022","208584","209994","205801","208726","134k","278.77m","208.41606k","2,418","1",
"22-Jun-2022","206168","209699","204937","208584","251k","521.03m","207.47042k","4,956","1",
"21-Jun-2022","213307","216800","210505","211350","146k","311.8m","212.91253k","2,851","1",
"20-Jun-2022","214000","217025","207501","213306","280k","600.47m","214.37939k","4,180","1",
"17-Jun-2022","203000","210360","203000","207500","483k","1b","207.58572k","3,713","1",
"16-Jun-2022","0","0","0","210000","0","0","0","0","1",
"15-Jun-2022","203000","210785","201170","210000","740k","1.53b","206.38895k","3,549","1",
"14-Jun-2022","206126","208741","202327","205090","312k","638.75m","204.56048k","5,059","1",
"13-Jun-2022","205001","205759","199292","204521","261k","532.3m","203.67901k","3,920","1",
"10-Jun-2022","205035","208656","205002","206126","197k","406.2m","206.4361k","2,807","1",
"09-Jun-2022","206500","210331","206190","207470","170k","353.6m","208.09847k","2,799","1",
"08-Jun-2022","207114","209997","205035","206500","242k","501.25m","207.41862k","3,420","1",
"07-Jun-2022","211000","211891","205059","206740","415k","857.22m","206.61549k","4,762","1",
"06-Jun-2022","214721","215000","210800","214065","128k","272.35m","213.21445k","3,014","1",
